1,Unit 1,,Qualitative Research in Medical Education: Methodologies and Methods,"Stella L. Ng, Lindsay Baker, Sayra Cristancho, Tara J. Kennedy and Lorelei Lingard",http://dx.doi.org/10.1002/9781118472361.ch26,repo/Unit1/1,repo/Unit1.zip
2,Unit 1,,RESEARCH METHODOLOGY IN THE MEDICAL AND Biological Sciences,"Petter Laake,Haakon Breien Benestad and Bj繪rn Reino Olsen",https://addyrachmat.wordpress.com/wp-content/uploads/2019/01/research-methodology-in-the-medical-and-biological-sciences.pdf.,repo/Unit1/2,repo/Unit1.zip
3,Unit 1,,Rethinking Research Ethics,"Barrow JM, Brannan GD, Khandhar PB",https://europepmc.org/article/NBK/nbk459281,repo/Unit1/3,repo/Unit1.zip
4,Unit 1,,The Declaration of Helsinki in bioethics literature since the last revision in 2013,Hans‐Jörg Ehni and Urban Wiesing,https://doi.org/10.1111/bioe.13270,repo/Unit1/4,repo/Unit1.zip
5,Unit 1,,Research ethics,Rosamond Rhodes,http://dx.doi.org/10.1080/15265160590900678,repo/Unit1/5,repo/Unit1.zip
6,Unit 1,,Ethical and regulatory oversight of clinical research: The role of the Institutional Review Board,Lindsay McNair,https://doi.org/10.1177/15353702221078216,repo/Unit1/6,repo/Unit1.zip
7,Unit 1,,"Ethical Issues in Research: Perceptions of Researchers, Research Ethics Board Members and Research Ethics Experts","Marie-Josée Drolet, Eugénie Rose-Derouin, Julie-Claude Leblanc, Mélanie Ruest Bryn Williams-Jones.",https://doi.org/10.1007/s10805-022-09455-3.,repo/Unit1/7,repo/Unit1.zip
8,Unit 1,,Views of research ethics committee members on end-of-participation communications for trial participants who stop taking part: a cross-sectional survey study,"William J. Cragg, Liam Bishop, Rachael Gilberts, Michael Gregg, Mary Mancini and 
Clara Martins de Barros",https://doi.org/10.1186/s13063-024-08465-3.,repo/Unit1/8,repo/Unit1.zip
9,Unit 1,,Standards of Evidence for Institutional Review Board Decision-Making,David B. Resnik,https://doi.org/10.1080/08989621.2020.1855149.,repo/Unit1/9,repo/Unit1.zip
10,Unit 1,,Ethical Considerations for Qualitative Research Methods During the COVID-19 Pandemic and Other Emergency Situations: Navigating the Virtual Field,"Peter A. Newman, Adrian Guta and Tara Black",http://dx.doi.org/10.1177/16094069211047823,repo/Unit1/10,repo/Unit1.zip
11,Unit 1,,Privacy Protection and Secondary Use of Health Data: Strategies and Methods,Dingyi Xiang and Wei Cai,https://doi.org/10.1155/2021/6967166.,repo/Unit1/11,repo/Unit1.zip
12,Unit 1,,Ethics And Data Privacy: The Backbone of Trustworthy Healthcare Practices,Rakesh Margam,https://doi.org/10.59535/sehati.v1i2.115.,repo/Unit1/12,repo/Unit1.zip
13,Unit 1,,Patient Confidentiality,Tariq RA and Hackert PB ,https://europepmc.org/article/nbk/nbk519540.,repo/Unit1/13,repo/Unit1.zip
14,Unit 1,,Research in resource-limited settings,"Urmila Deshmukh, Nick Brown, Chittaranjan Yajnik",https://doi.org/10.1016/j.paed.2015.09.010,repo/Unit1/14,repo/Unit1.zip
15,Unit 2,,Research Design and Methodology,Kassu Jilcha Sileyew,https://www.researchgate.net/publication/335110374,repo/Unit2/1,repo/Unit2.zip
16,Unit 2,,Good Research Practice in non-clinical pharmacology and Biomedicine,"Anton Bespalov, Martin C. Michel, Thomas Steckler ",http://library.oapen.org/handle/20.500.12657/39569,repo/Unit2/2,repo/Unit2.zip
17,Unit 2,,Understanding Research Study Designs,Priya Ranganathan,https://doi.org/10.5005/jp-journals-10071-23314,repo/Unit2/3,repo/Unit2.zip
18,Unit 2,,A typology of reviews: an analysis of 14 review types and associated methodologies,Maria J. Grant* & Andrew Booth,https://doi.org/10.1111/j.1471-1842.2009.00848.x.,repo/Unit2/4,repo/Unit2.zip
19,Unit 2,,Matching research design to clinical research questions,"Sadaf Aslam, Helen Georgiev, Kedar Mehta, Ambuj Kumar",10.4103/0253-7184.93829.,repo/Unit2/5,repo/Unit2.zip
20,Unit 2,,A Practical Guide to Writing Quantitative and Qualitative Research Questions and Hypotheses in Scholarly Articles,Edward Barroga and Glafera Janet Matanguihan,https://doi.org/10.3346/jkms.2022.37.e121.,repo/Unit2/6,repo/Unit2.zip
21,Unit 2,,"Types of Variables, Descriptive Statistics, and Sample Size","Feroze Kaliyadan,Vinay Kulkarni",10.4103/idoj.IDOJ_468_18,repo/Unit2/7,repo/Unit2.zip
22,Unit 2,,Types of Variables and Commonly Used Statistical Designs,Jacob Shreffler; Martin R. Huecker,Types of Variables and Commonly Used Statistical Designs - StatPearls - NCBI Bookshelf,repo/Unit2/8,repo/Unit2.zip
23,Unit 2,,"Sample size, power and effect size revisited: simplified and practical approaches 
in pre-clinical, clinical and laboratory studies","Ceyhan Ceran Serdar, Murat Cihan , Doğan Yücel, Muhittin A Serdar",https://doi.org/10.11613/BM.2021.010502.,repo/Unit2/9,repo/Unit2.zip
24,Unit 2,,Focus on Data: Statistical Design of Experiments and Sample Size Selection Using Power Analysis,"Johannes Ledolter1,3 and Randy H. Kardon",https://doi.org/10.1167/iovs.61.8.11,repo/Unit2/10,repo/Unit2.zip
25,Unit 2,,Sample size determination and power analysis using the G*Power software,Hyun Kang,https://doi.org/10.3352/jeehp.2021.18.17,repo/Unit2/11,repo/Unit2.zip
26,Unit 2,,A roadmap to using randomization in clinical trials,"Vance W. Berger, Louis Joseph Bour, Kerstine Carter, Jonathan J. Chipman, Colin C. Everett, Nicole Heussen, Catherine Hewitt, Ralf‑Dieter Hilgers, Yuqun Abigail Luo, Jone Renteria,Yevgen Ryeznik, Oleksandr Sverdlov and Diane Uschner ",https://doi.org/10.1186/s12874-021-01303-z.,repo/Unit2/12,repo/Unit2.zip
27,Unit 2,,Blinding in Clinical Trials: Seeing the Big Picture,"Thomas F. Monaghan, Christina W. Agudelo, Syed N. Rahman, Alan J. Wein, Jason M. Lazar, Karel Everaert and Roger R. Dmochowski
",https://doi.org/10.3390/medicina57070647.,repo/Unit2/13,repo/Unit2.zip
28,Unit 2,,Clinical research study designs: The essentials,Ambika G. Chidambaram Maureen Josephson," https://doi.org/10.1002/ped4.12169.
",repo/Unit2/14,repo/Unit2.zip
29,Unit 2,,"Adaptive designs in clinical trials: why use them, and how to run and report them","Philip Pallmann* , Alun W. Bedding, Babak Choodari-Oskooei, Munyaradzi Dimairo, Laura Flight,
Lisa V. Hampson, Jane Holmes, Adrian P. Mander, Lang’o Odondi, Matthew R. Sydes, Sofía S. Villar,
James M. S. Wason, Christopher J. Weir, Graham M. Wheeler, Christina Yap and Thomas Jak",https://doi.org/10.1186/s12916-018-1017-7.,repo/Unit2/15,repo/Unit2.zip
30,Unit 2,,Recent innovations in adaptive trial designs:  A review of design opportunities in translational ,"Alexander M. Kaizer , Hayley M. Belli , Zhongyang Ma , Andrew G. Nicklawsky, Samantha C. Roberts, Jessica Wild, Adane F. Wogu, Mengli Xiao and Roy T. Sabo",https://doi.org/10.1017/cts.2023.537.,repo/Unit2/16,repo/Unit2.zip
31,Unit 2,,An Introduction to Effectiveness-Implementation Hybrid Designs,"Sara J. Landes, Sacha A. McBain, Geoffrey M. Curran",https://doi.org/10.1016/j.psychres.2019.112630.,repo/Unit2/17,repo/Unit2.zip
32,Unit 2,,The role of causal inference in health services research I: tasks in health services research,"Andre´ Moser, Milo A. Puhan, Marcel Zwahlen",https://doi.org/10.1007/s00038-020-01333-2.,repo/Unit2/18,repo/Unit2.zip
33,Unit 2,,Methods for Evaluating Causality in Observational Studies,"Emilio A. L. Gianicolo, Martin Eichler, Oliver Muensterer, Konstantin Strauch, Maria Blettner",https://doi.org/10.3238/arztebl.2020.0101,repo/Unit2/19,repo/Unit2.zip
34,Unit 2,,Causal inference with observational data: the need for triangulation of evidence,Gemma Hammerton and Marcus R. Munafò,https://doi.org/10.1017/S0033291720005127.,repo/Unit2/20,repo/Unit2.zip
35,Unit 3,Developing research question and Literature review,A reporting guide for qualitative studies,,https://doi.org/10.14745/ccdr.v42i09a02,repo/Unit3/1,repo/Unit3.zip
36,Unit 3,Developing research question and Literature review,A Practical Guide to Writing Quantitative and Qualitative Research Questions and Hypotheses in Scholarly Articles,"Edward Barroga 
 and Glafera Janet Matanguihan ",https://doi.org/10.3346/jkms.2022.37.e121,repo/Unit3/2,repo/Unit3.zip
37,Unit 3,Developing research question and Literature review,Formulation of Research Question-Stepwise approach,"Simmi K. Ratan, Tanu Anand, John Ratan",,repo/Unit3/3,repo/Unit3.zip
38,Unit 3,Developing research question and Literature review,Literature review as a research methodology: An overview and guidelines,Hannah Snyder,https://doi.org/10.1016/j.jbusres.2019.07.039,repo/Unit3/4,repo/Unit3.zip
39,Unit 3,Developing research question and Literature review,Approaching literature review for academic purposes: The Literature Review Checklist,"Debora F.B. Leite, Maria Auxiliadora Soares Padilha, Jose G. Cecatti",https://doi.org/10.6061/clinics/2019/e1403.,repo/Unit3/5,repo/Unit3.zip
40,Unit 3,Developing research question and Literature review,The Principles of Biomedical Scientific Writing: Citation,"Zahra Bahadoran, Parvin Mirmiran, Khosrow Kashfi and Asghar Ghasemi",https://doi.org/10.5812/ijem.98326.,repo/Unit3/6,repo/Unit3.zip
41,Unit 3,Developing research question and Literature review,"CHOOSING THE RIGHT CITATION MANAGEMENT TOOL: ENDNOTE, MENDELEY, REFWORKS, OR ZOTERO",Camille Ivey and Janet Crum,https://doi.org/10.5195/jmla.2018.468.,repo/Unit3/7,repo/Unit3.zip
42,Unit 3,Developing research question and Literature review,The art of referencing: Well begun is half done,"Divecha, CA*; Tullu, MS; Karande, S",10.4103/jpgm.jpgm_908_22.,repo/Unit3/8,repo/Unit3.zip
43,Unit 3,Developing research question and Literature review,Knowing and Avoiding Plagiarism During Scientific Writing,"Mohan Kumar P, Swapna Priya N, Musalaiah SVV, Nagasree M",,repo/Unit3/9,repo/Unit3.zip
44,Unit 3,Developing research question and Literature review,Establishing and Maintaining Research Integrity at Academic Institutions: Challenges and Opportunities,"Janet D. Robishaw, David L. DeMets, Sarah K. Wood, Phillip M. Boiselle, Charles H. Hennekens",https://doi.org/10.1016/j.amjmed.2019.08.036.,repo/Unit3/10,repo/Unit3.zip
45,Unit 3,Developing research question and Literature review,Plagiarism detection and prevention: a primer for researchers,"Olena Zimba1 ID , Armen Yuri Gasparyan",https://doi.org/10.5114/reum.2021.105974.,repo/Unit3/11,repo/Unit3.zip
46,Unit 3,Developing research question and Literature review,Formulating a good research question: Pearls and pitfalls,Wilson Fandino,10.4103/ija.IJA_198_19,repo/Unit3/12,repo/Unit3.zip
47,Unit 4,Data Collection and Management,Data Collection Methods in Health Services Research,"M.N. Sarkies, K.-A. Bowles, E.H. Skinner, D. Mitchell, R. Haas, M. Ho, K. Salter, K. May, D. Markham, L. O’Brien, S. Plumb, T.P. Haines",http://dx.doi.org/10.4338/ACI-2014-10-RA-0097,repo/Unit4/1,repo/Unit4.zip
48,Unit 4,Data Collection and Management,Commonly Utilized Data Collection Approaches in Clinical research,"Jane S. Saczynski, David D. McManus, and Robert J. Goldberg",https://doi.org/10.1016/j.amjmed.2013.04.016.,repo/Unit4/2,repo/Unit4.zip
49,Unit 4,Data Collection and Management,Design: Selection of Data Collection Methods,"Elise Paradis,Glen Bandiera, Maria Athina (Tina) Martimianakis, Laura Nimmon, Bridget O’Brien",https://doi.org/10.4300/JGME-D-16-00098.1.,repo/Unit4/3,repo/Unit4.zip
50,Unit 4,Data Collection and Management,Exploring Data Quality Management within Clinical Trials,"Lauren Houston,Yasmine Probst, Ping Yu, Allison Martin",https://doi.org/10.1055/s-0037-1621702.,repo/Unit4/4,repo/Unit4.zip
51,Unit 4,Data Collection and Management,Implementing Digital Technologies in Clinical Trials: Lessons Learned,"GEORGIA MITSI, TODD GRINNELL, SUZANNE GIORDANO, 
THOMAS GOODIN, SHAHIN SANJAR, ELIZABETH MARBLE,
and ANDREI PIKALOV",,repo/Unit4/5,repo/Unit4.zip
52,Unit 4,Data Collection and Management,Using digital technologies in clinical trials: current and future applications,"Carmen Rosa, Lisa A. Marsch, Erin L. Winstanley, Meg Brunner, Aimee N. C. 
Campbell",https://doi.org/10.1016/j.cct.2020.106219.,repo/Unit4/6,repo/Unit4.zip
53,Unit 4,Data Collection and Management,Developing Digital Tools for Remote Clinical Research: How to Evaluate the Validity and Practicality of Active Assessments in Field Settings,"Jennifer Ferrar, Gareth J Griffith, Caroline Skirrow, Nathan Cashdollar, Nick Taptiklis, James Dobson, Fiona Cree, Francesca K Cormack,  Jennifer H Barnett, Marcus R Munafò.",https://doi.org/10.2196/26004.,repo/Unit4/7,repo/Unit4.zip
54,Unit 4,Data Collection and Management,"An Overview of the Fundamentals of Data Management, Analysis, and Interpretation in Quantitative Research","Grigorios Kotronoulas, Susana Miguel, Maura Dowling,  Paz Fernandez-Ortega, Sara Colomer-Lahiguerae, Gulcan Bagcivan, Eva Pape, Amanda Drury, Cherith Semple, 
Karin B. Dieperink, Constantina Papadopoulou",https://doi.org/10.1016/j.soncn.2023.151398.,repo/Unit4/8,repo/Unit4.zip
55,Unit 4,Data Collection and Management,"Quality management, quality assurance, and quality control in medical physics","Max Amurao, Dustin A. Gress, Mary Ann Keenan, Per H. Halvorsen, Jonathon A. Nye, Mahadevappa Mahesh",https://doi.org/10.1002/acm2.13885.,repo/Unit4/9,repo/Unit4.zip
56,Unit 4,Data Collection and Management,"Qualitative Research: Data Collection, Analysis, and Management",Jane Sutton and Zubin Austin,https://doi.org/10.4212/cjhp.v68i3.1456.,repo/Unit4/10,repo/Unit4.zip
57,Unit 4,Data Collection and Management,Security and privacy of electronic health records: Concerns and challenges,Ismail Keshta and Ammar Odeh,https://doi.org/10.1016/j.eij.2020.07.003.,repo/Unit4/11,repo/Unit4.zip
58,Unit 4,Data Collection and Management,Privacy and security in the era of digital health: what should translational researchers know and do about it?,"Barbara L Filkins , Ju Young Kim, Bruce Roberts, Winston Armstrong, Mark A Miller, Michael L Hultner, Anthony P Castillo , Jean-Christophe Ducom, Eric J Topol, Steven R Steinhubl",,repo/Unit4/12,repo/Unit4.zip
59,Unit 4,Data Collection and Management,Health Records Database and Inherent Security Concerns: A Review of the Literature,"Nduma N. Basil , Solomon Ambe , Chukwuyem Ekhator , Ekokobe Fonkem",https://doi.org/10.7759/cureus.30168.,repo/Unit4/13,repo/Unit4.zip
60,Unit 4,Data Collection and Management,A Comprehensive Survey on Security and Privacy for Electronic Health Data,"Se-Ra Oh,Young-Duk Seo, Euijong Lee and Young-Gab Kim",https://doi.org/10.3390/ijerph18189668,repo/Unit4/14,repo/Unit4.zip
61,Unit 4,Data Collection and Management,Handling missing data in clinical research,"Martijn W. Heymans, Jos W.R. Twisk",https://doi.org/10.1016/j.jclinepi.2022.08.016.,repo/Unit4/15,repo/Unit4.zip
62,Unit 4,Data Collection and Management,Should multiple imputation be the method of choice for handling missing data in randomized trials?,"Thomas R Sullivan, Ian R White, Amy B Salter, Philip Ryan and Katherine J Lee",https://doi.org/10.1177/0962280216683570.,repo/Unit4/16,repo/Unit4.zip
63,Unit 4,Data Collection and Management,Missing data imputation: focusing on single imputation,Zhongheng Zhang,https://doi.org/10.3978/j.issn.2305-5839.2015.12.38.,repo/Unit4/17,repo/Unit4.zip
64,Unit 4,Data Collection and Management,Missing Data in Clinical Research: A Tutorial on Multiple Imputation,"Peter C. Austin, Ian R. White, Douglas S. Lee, Stef van Buuren",https://doi.org/10.1016/j.cjca.2020.11.010.,repo/Unit4/18,repo/Unit4.zip
65,Unit 5,Statistical analysis and Interpretation,Introduction to Research Statistical Analysis: An Overview of the Basics,Christian Vandever,https://doi.org/10.36518/2689-0216.1062,repo/Unit5/1,repo/Unit5.zip
66,Unit 5,Statistical analysis and Interpretation,Biostatistics Series Module 1: Basics of Biostatistics,"Avijit Hazra 1, Nithya Gogtay",https://doi.org/10.4103/0019-5154.173988.,repo/Unit5/2,repo/Unit5.zip
67,Unit 5,Statistical analysis and Interpretation,"An Introduction to Statistics: Understanding Hypothesis 
Testing and Statistical Errors","Priya Ranganathan, Pramesh CS",https://doi.org/10.5005/jp-journals-10071-23259.,repo/Unit5/3,repo/Unit5.zip
68,Unit 5,Statistical analysis and Interpretation,Principles of Use of Biostatistics in Research,Veena Manja and Satyan Lakshminrusimha,https://doi.org/10.1542/neo.15-4-e133,repo/Unit5/4,repo/Unit5.zip
69,Unit 5,Statistical analysis and Interpretation,Early phase clinical trials extension to guidelines for the content of statistical analysis plans,"Victoria Homer,Christina Yap, Simon Bond,Jane Holmes,Deborah Stocken, Katrina Walker,Emily J Robinson, Graham Wheeler, Sarah Brown, Samantha Hinsley, Matthew Schipper, Christopher J Weir,Khadija Rantell,Thomas Prior, Ly-Mee Yu, John Kirkpatrick,Alun Bedding,Carrol Gamble,Piers Gaunt",https://doi.org/10.1136/bmj-2021-068177.,repo/Unit5/5,repo/Unit5.zip
70,Unit 5,Statistical analysis and Interpretation,"Creating a Statistical Analysis Plan to Continually Evaluate 
Intervention Adaptations that Arise in Real‑World Implementation","Teresa Bufford, Hilary Aralis, Sheryl Kataoka, Sung‑Jae Lee, Carla Lavelle Trinh, Patricia Lester",https://doi.org/10.1007/s11121-023-01513-5.,repo/Unit5/6,repo/Unit5.zip
71,Unit 5,Statistical analysis and Interpretation,Creating a Data Analysis Plan: What to Consider When Choosing Statistics for a Study,Scot H Simpson,https://doi.org/10.4212/cjhp.v68i4.1471.,repo/Unit5/7,repo/Unit5.zip
72,Unit 5,Statistical analysis and Interpretation,A template for the authoring of statistical analysis plans,"Gary Stevens, Shawn Dolley, Robin Mogg, Jason T. Connor",https://doi.org/10.1016/j.conctc.2023.101100.,repo/Unit5/8,repo/Unit5.zip
73,Unit 5,Statistical analysis and Interpretation,Selection of Appropriate Statistical Methods for Data Analysis,"Prabhaker Mishra, Chandra Mani Pandey, Uttam Singh, Amit Keshri, Mayilvaganan Sabaretnam",https://doi.org/10.4103/aca.ACA_248_18,repo/Unit5/9,repo/Unit5.zip
74,Unit 5,Statistical analysis and Interpretation,Basic statistical tools in research and data analysis,"Zulfiqar Ali, S Bala Bhaskar",https://doi.org/10.4103/0019-5049.190623.,repo/Unit5/10,repo/Unit5.zip
75,Unit 5,Statistical analysis and Interpretation,Study designs: Part 1 – An overview and classification,"Priya Ranganathan, Rakesh Aggarwal",https://doi.org/10.4103/picr.PICR_124_18.,repo/Unit5/11,repo/Unit5.zip
76,Unit 5,Statistical analysis and Interpretation,Clinical research study designs: The essentials,Ambika G. Chidambaram Maureen Josephson,https://doi.org/10.1002/ped4.12166.,repo/Unit5/12,repo/Unit5.zip
77,Unit 5,Statistical analysis and Interpretation,Guidelines for Statistical Reporting in Medical Journals,"Fang-Shu Ou, Jennifer G. Le-Rademacher, Karla V. Ballman, Alex A. 
Adjei, Sumithra J. Mandrekar.",https://doi.org/10.1016/j.jtho.2020.08.019.,repo/Unit5/13,repo/Unit5.zip
78,Unit 5,Statistical analysis and Interpretation,How to choose and interpret a statistical test? An update for budding researchers,"Ahmad Najmi, Balakrishnan Sadasivam, Avik Ray",https://doi.org/10.4103/jfmpc.jfmpc_433_21,repo/Unit5/14,repo/Unit5.zip
79,Unit 5,Statistical analysis and Interpretation,How to write statistical analysis section in medical research,Alok Kumar Dwivedi,https://doi.org/10.1136/jim-2022-002479.,repo/Unit5/15,repo/Unit5.zip
80,Unit 5,Statistical analysis and Interpretation,Tutorial: Statistical analysis and reporting of clinical pharmacokinetic studies,"Ann-Cathrine Dalgård Dunvald, Ditte Bork Iversen, Andreas Ludvig Ohm Svendsen, Katrine Agergaard, Ida Berglund Kuhlmann, Christina Mortensen, Nanna Elman Andersen, 
Erkka Järvinen, Tore Bjerregaard Stage",https://doi.org/10.1111/cts.13305.,repo/Unit5/16,repo/Unit5.zip
81,Unit 5,Statistical analysis and Interpretation,"An Overview of the Fundamentals of Data Management, Analysis, and Interpretation in Quantitative Research","Grigorios Kotronoulas, Susana Miguel, Maura Dowling, Paz Fernandez-Ortega, Sara Colomer-Lahiguera, Gulcan Bagcivan, Eva Pape, Amanda Drury, Cherith Semple, Karin B. Dieperink, Constantina Papadopoulou",https://doi.org/10.1016/j.soncn.2023.151398,repo/Unit5/17,repo/Unit5.zip
82,Unit 5,Statistical analysis and Interpretation,The principles of presenting statistical results using figures,"Jae Hong Park, Dong Kyu Lee, Hyun Kang, Jong Hae Kim, Francis Sahngun Nahm, EunJin Ahn, Junyong In, Sang Gyu Kwak, Chi-Yeon Lim",https://doi.org/10.4097/kja.21508.,repo/Unit5/18,repo/Unit5.zip
83,Unit 6,Writing research protocols and proposals,The critical steps for successful research: The research proposal and scientific writing,"Pitchai Balakumar, Mohammed Naseeruddin Inamdar, Gowraganahalli Jagadeesh",https://doi.org/10.4103/0976-500X.110895.,repo/Unit6/1,repo/Unit6.zip
84,Unit 6,Writing research protocols and proposals,How to write a research proposal?,"K Sudheesh, Devika Rani Duggappa, SS Nethra",https://doi.org/10.4103/0019-5049.190617.,repo/Unit6/2,repo/Unit6.zip
85,Unit 6,Writing research protocols and proposals,Protocol Writing in Clinical Research,"Azzam Al-Jundi, Salah Sakka",https://doi.org/10.7860/JCDR/2016/21426.8865.,repo/Unit6/3,repo/Unit6.zip
86,Unit 6,Writing research protocols and proposals,Successful Scientific Writing and Publishing: A Step-by-Step Approach,"John K. Iskander, Sara Beth Wolicki, Rebecca T. Leeb, Paul Z. Siegel",https://doi.org/10.5888/pcd15.180085.,repo/Unit6/4,repo/Unit6.zip
87,Unit 6,Writing research protocols and proposals,"Ten Key Steps to Writing a Protocol for a Qualitative Research Study: 
A Guide for Nurses and Health Professionals","Evridiki Kaba, Areti Stavropoulou, Martha Kelesi, Aikaterini Triantafyllou, Aspasia Goula  & Georgia Fasoi",http://dx.doi.org/10.5539/gjhs.v13n6p58.,repo/Unit6/5,repo/Unit6.zip
88,Unit 6,Writing research protocols and proposals,How to write a research proposal: Tips and tricks,Matteo Camelli,https://doi.org/10.4103/jcecho.jcecho_41_18.,repo/Unit6/6,repo/Unit6.zip
89,Unit 6,Writing research protocols and proposals,Real world evidence for regulatory decision making: Updated guidance from around the world,"Leah Burns, Nadege Le Roux, Robert Kalesnik-Orszulak, Jennifer Christian, Jennifer Dudinak, Frank Rockhold, Sean Khozin and John O’Donnell",https://doi.org/10.3389/fmed.2023.1236462.,repo/Unit6/7,repo/Unit6.zip
90,Unit 6,Writing research protocols and proposals,"Determinants of regulatory compliance in health and social care services: a systematic review protocol
","Paul Dunbar, John P. Browne, Laura O'Connor",https://doi.org/10.12688/hrbopenres.13214.3.,repo/Unit6/8,repo/Unit6.zip
91,Unit 6,Writing research protocols and proposals,Regulatory requirements for clinical trials in India: What academicians need to know,"Nithya J Gogtay, Renju Ravi, Urmila M Thatte",https://doi.org/10.4103/ija.IJA_143_17.,repo/Unit6/9,repo/Unit6.zip
92,Unit 6,Writing research protocols and proposals,"How to write a successful grant application: guidance provided 
by the European Society of Clinical Pharmacy","Anita E. Weidmann, Cathal A. Cadogan, Daniela Fialová, Ankie Hazen, Martin Henman, Monika Lutters, Betul Okuyan, Vibhu Paudyal, Francesca Wirth",https://doi.org/10.1007/s11096-023-01543-7.,repo/Unit6/10,repo/Unit6.zip
93,Unit 6,Writing research protocols and proposals,"Turning Your Research Idea into a Proposal
Worth Funding",Salmaan Kanji,https://doi.org/10.4212/cjhp.v68i6.1502.,repo/Unit6/11,repo/Unit6.zip
94,Unit 6,Writing research protocols and proposals,"Budgeting in Healthcare Systems and Organizations: A 
Systematic Review","Abbas Homauni, Nader Markazi-Moghaddam, Ali Mosadeghkhah, Majid Noori, Kourosh Abbasiyan, Sanaz Zargar Balaye Jame",https://doi.org/10.18502/ijph.v52i9.13571.,repo/Unit6/12,repo/Unit6.zip
95,Unit 6,Writing research protocols and proposals,How to plan and write a budget for research grant proposal?,Satish G. Patil,http://dx.doi.org/10.1016/j.jaim.2017.08.005.,repo/Unit6/13,repo/Unit6.zip
96,Unit 7,Conducting clinical trials,The successes and limitations of preclinical studies in predicting the pharmacodynamics and safety of cell-surfacetargeted biological agents in patients,Andrew G Polson and Reina N Fuji,http://dx.doi.org/10.1111/j.1476-5381.2011.01812.x,repo/Unit7/1,repo/Unit7.zip
97,Unit 7,Conducting clinical trials,General Principles of Preclinical Study Design,"Wenlong Huang, Nathalie Percie du Sert, Jan Vollert, and Andrew S. C. Rice",https://doi.org/10.1007/164_2019_277,repo/Unit7/2,repo/Unit7.zip
98,Unit 7,Conducting clinical trials,Clinical Trials and Clinical Research: A Comprehensive Review,"Venkataramana Kandi , Sabitha Vadakedath",https://doi.org/10.7759/cureus.35077.,repo/Unit7/3,repo/Unit7.zip
99,Unit 7,Conducting clinical trials,Fundamentals of clinical trial design,Scott R. Evans,https://doi.org/10.6030/1939-067x-3.1.19.,repo/Unit7/4,repo/Unit7.zip
100,Unit 7,Conducting clinical trials,Clinical trials recruitment planning: A proposed framework from the Clinical Trials Transformation Initiative,"Grant D. Huanga, Jonca Bullb, Kelly Johnston McKeec, Elizabeth Mahond, Beth Harpere, Jamie N. Roberts",https://doi.org/10.1016/j.cct.2018.01.003.,repo/Unit7/5,repo/Unit7.zip
101,Unit 7,Conducting clinical trials,A clinical trial alert tool to recruit large patient samples and assess selection bias in general practice research,"Stephanie Heinemann, Sabine Thüring, Sven Wedeken, Tobias Schäfer, Christa Scheidt-Nave, Mirko Ketterer, Wolfgang Himmel",https://doi.org/10.1186/1471-2288-11-16.,repo/Unit7/6,repo/Unit7.zip
102,Unit 7,Conducting clinical trials,"Patient Recruitment in Clinical Trials: Areas of  Challenges and Success, a Practical Aspect at  the Private Research Site",Pranali M. Wandile,https://doi.org/10.4236/jbm.2023.1110010,repo/Unit7/7,repo/Unit7.zip
103,Unit 7,Conducting clinical trials,Recruitment and retention of participants in clinical studies:  Critical issues and challenges,"Desai, Mira", 10.4103/picr.PICR_6_20.,repo/Unit7/8,repo/Unit7.zip
104,Unit 7,Conducting clinical trials,Recruitment and retention of the participants in clinical trials: Challenges and solutions,"Nayan Chaudhari, Renju Ravi, Nithya J. Gogtay, Urmila M. Thatte",10.4103/picr.PICR_206_19,repo/Unit7/9,repo/Unit7.zip
105,Unit 7,Conducting clinical trials,Site-specifc factors associated with clinical  trial recruitment efciency in general practice settings: a comparative descriptive analysis,"Michelle Tew, Max Catchpool, John Furler, Katie De La Rue, Philip Clarke, Jo‑Anne Manski‑Nankervis and Kim Dalziel",https://doi.org/10.1186/s13063-023-07177-4.,repo/Unit7/10,repo/Unit7.zip
106,Unit 7,Conducting clinical trials,Usual and Unusual Care: Existing Practice Control Groups in Randomized Controlled Trials of Behavioral Interventions,"KENNETH E. FREEDLAND, DAVID C. MOHR, KARINA W. DAVIDSON, AND JOSEPH E. SCHWARTZ,",10.1097/PSY.0b013e318218e1fb,repo/Unit7/11,repo/Unit7.zip
107,Unit 7,Conducting clinical trials,A Primer to the Randomized Controlled Trial,Bernadette Capili,https://doi.org/10.1097/01.NAJ.0000978168.48569.72.,repo/Unit7/12,repo/Unit7.zip
108,Unit 7,Conducting clinical trials,Design of Control-Group Conditions in Clinical Trials of Behavioral Interventions,"Ruth Lindquist, Jean F. Wyman, Kristine M.C. Talley, Mary J. Findorff, Cynthia R. Gross",https://doi.org/10.1111/j.1547-5069.2007.00171.x.,repo/Unit7/13,repo/Unit7.zip
109,Unit 7,Conducting clinical trials,"The challenges of control groups, placebos and blinding in clinical trials of dietary interventions.","Heidi M. Staudacher, Peter M. Irving, Miranda C. E. Lomer and Kevin Whelan",10.1017/S0029665117000350,repo/Unit7/14,repo/Unit7.zip
110,Unit 7,Conducting clinical trials,An introduction to the use of randomised control trials to evaluate development interventions,Howard White,http://dx.doi.org/10.1080/19439342.2013.764652.,repo/Unit7/15,repo/Unit7.zip
111,Unit 7,Conducting clinical trials,"Clinical trial management of participant recruitment, enrollment, engagement, and retention in the SMART study using a Marketing and Information Technology (MARKIT) model","Anjali Gupta, Karen J. Calfas, Simon J. Marshall, Thomas N. Robinsong, Cheryl L. Rock, Jeannie S. Huang, Melanie Epstein-Corbin, Christina Servetas, Michael C. Donohue, Gregory J. Norman, Fredric Raab, Gina Merchant, James H. Fowler, William G. Griswold, B.J. Fogg, Kevin Patrick",http://dx.doi.org/10.1016/j.cct.2015.04.002.,repo/Unit7/16,repo/Unit7.zip
112,Unit 7,Conducting clinical trials,What is the purpose of clinical trial monitoring?,"Sharon B. Love, Victoria Yorke‑Edwards, Elizabeth Ward, Rebecca Haydock, Katie Keen, Katie Biggs, Gosala Gopalakrishnan, Lucy Marsh, Lydia O’Sullivan, Lisa Fox, Estelle Payerne, Kerenza Hood and Garry Meakin",https://doi.org/10.1186/s13063-022-06763-2.,repo/Unit7/17,repo/Unit7.zip
113,Unit 7,Conducting clinical trials,Training and fidelity monitoring of behavioral interventions in multi-site addictions research,"John S. Baer, Samuel A. Ball, Barbara K. Campbell, Gloria M. Miele, Eugene P. Schoener, Kathlene Tracy",https://doi.org/10.1016/j.drugalcdep.2006.08.028.,repo/Unit7/18,repo/Unit7.zip
114,Unit 7,Conducting clinical trials,"PLANNING, COORDINATING, AND MONITORING CLINICAL TRIALS",Barry Bleidt,https://doi.org/10.1081/CRP-100108186.,repo/Unit7/19,repo/Unit7.zip
115,Unit 7,Conducting clinical trials,Monitoring in clinical trials of complementary and alternative medicine,"So-Young Jung, Jung Won Kang, Tae-Hun Kim",https://doi.org/10.1016/j.imr.2020.100666.,repo/Unit7/20,repo/Unit7.zip
116,Unit 7,Conducting clinical trials,Monitoring the quality of conduct of clinical trials: a survey of current practices,"Briggs W Morrison, Chrissy J Cochran, Jennifer Giangrande White, Joan Harley, Cynthia F Kleppinger, An Liu, Jules T Mitchel, David F Nickerson, Cynthia R Zacharias, Judith M Krameri and James D Neaton",https://doi.org/10.1177/1740774511402703.,repo/Unit7/21,repo/Unit7.zip
117,Unit 7,Conducting clinical trials,Safety Monitoring in Clinical Trials,"Bin Yao *, Li Zhu, Qi Jiang and H. Amy Xia",https://doi.org/10.3390/pharmaceutics5010094.,repo/Unit7/22,repo/Unit7.zip
118,Unit 7,Conducting clinical trials,"Risk‑Based Monitoring in Clinical Trials: Past, Present, and Future","Brian Barnes, Nicole Stansbury, Debby Brown, Lauren Garson, Geof Gerard, Nickolas Piccoli, Debra Jendrasek, Nick May, Vanesa Castillo, Anina Adelfo, Nycole Ramirez, Andrea McSweeney, Ruth Berlien, Paula Jo Butler",https://doi.org/10.1007/s43441-021-00295-8.,repo/Unit7/23,repo/Unit7.zip
119,Unit 7,Conducting clinical trials,The other side of clinical trial monitoring; assuring data quality and procedural adherence,George W Williams,https://doi.org/10.1177/1740774506073104.,repo/Unit7/24,repo/Unit7.zip
120,Unit 7,Conducting clinical trials,Strategies to encourage adoption in multisite clinical trials,"Joseph Guydish, Barbara Tajima, Sarah Turcotte Manser, Martha Jessup",https://doi.org/10.1016/j.jsat.2006.08.001.,repo/Unit7/25,repo/Unit7.zip
121,Unit 7,Conducting clinical trials,Overcoming Challenges in Multisite Trials,"Laureen Smith, Alai Tan, Janna D. Stephens, David Hibler, Sonia A. Duffy",10.1097/NNR.0000000000000324,repo/Unit7/26,repo/Unit7.zip
122,Unit 7,Conducting clinical trials,Recommendations for promoting international multi‐site clinical trials—from a viewpoint of ethics review,"Haruka Nakada, Suzanne Hasthorpe, Carel IJsselmuiden, Francis Kombe, Marieme Ba, Mihaela Matei, Kenichi Nakamura, Nobuko Ushirozawa, Yasuhiro Fujiwara, Shimon Tashiro",https://doi.org/10.1111/dewb.12245.,repo/Unit7/27,repo/Unit7.zip
123,Unit 7,Conducting clinical trials,"Conduct of Large, Multisite, Comparative Clinical Effectiveness Research Studies",Carly,10.1097/MLR.0000000000002031,repo/Unit7/28,repo/Unit7.zip
124,Unit 7,Conducting clinical trials,"A collaborative, academic approach to optimizing the national clinical research infrastructure: The first year of the Trial Innovation Network","Gordon R. Bernard, Paul A. Harris, Jill M. Pulley, Daniel K. Benjamin, Jonathan Michael Dean, Daniel E. Ford, Daniel F. Hanley, Harry P. Selker,
and Consuelo H. Wilkins",10.1017/cts.2018.319.,repo/Unit7/29,repo/Unit7.zip
125,Unit 7,Conducting clinical trials,Site engagement for multi-site clinical trials,"Dana Goodlett, Anna Hung, Ashley Feriozzi, Hien Lu, Justin E. Bekelman, C. Daniel Mullins",https://doi.org/10.1016/j.conctc.2020.100608.,repo/Unit7/30,repo/Unit7.zip
126,Unit 7,Conducting clinical trials,Identifying and responding to trial implementation challenges during multisite clinical trials,"Tracy L. Greer, Robrina Walker, Chad D. Rethorst, Thomas F. Northrup, Diane Warden, Viviana E. Horigian, Meredith Silverstein, Kathy Shores-Wilson, Angela L. Stotts, Madhukar H. Trivedi",https://doi.org/10.1016/j.jsat.2020.02.004.,repo/Unit7/31,repo/Unit7.zip
127,Unit 8,,"Improving Transparency to Build Trust in Real-World Secondary Data Studies for Hypothesis Testing—Why, What, and How: Recommendations and a Road Map from the Real-World Evidence Transparency Initiative","Lucinda S. Orsini, Marc Berger, William Crown, Gregory Daniel, Hans-Georg Eichler, Wim Goettsch, Jennifer Graff, John Guerino, Pall Jonsson, Nirosha Mahendraratnam Lederer, Brigitta Monz, C. Daniel Mullins, Sebastian Schneeweiss, David Van Brunt, Shirley V. Wang, Richard J. Willke",https://doi.org/10.1016/j.jval.2020.04.002.,repo/Unit8/1,repo/Unit8.zip
128,Unit 8,,"Reducing bias and improving transparency in medical research: a critical overview of the problems, progress and suggested next steps","Stephen H Bradley, Nicholas J DeVito, Kelly E Lloyd, Georgia C Richards, Tanja Rombey, Cole Wayant and Peter J Gill",https://doi.org/10.1177/0141076820956799.,repo/Unit8/2,repo/Unit8.zip
129,Unit 8,,The case for structuring the discussion of scientific papers,Michael Docherty,https://doi.org/10.1136/bmj.318.7193.1224.,repo/Unit8/3,repo/Unit8.zip
130,Unit 8,,Considerations for effective science communication,"Steven J. Cooke, Austin J. Gallagher, Natalie M. Sopinkad, Vivian M. Nguyen, Rachel A. Skubelc, Neil Hammerschlag, Sarah Boon, Nathan Young and Andy J. Danylchu",https://doi.org/10.1139/facets-2016-0055.,repo/Unit8/4,repo/Unit8.zip
131,Unit 8,,How to Write and Publish a Research Paper for a Peer-Reviewed Journal,Clara Busse & Ella August,https://doi.org/10.1007/s13187-020-01751-z.,repo/Unit8/5,repo/Unit8.zip
132,Unit 8,,Importance of Transparent Reporting of Health Research,Douglas G. Altman and David Moher,https://doi.org/10.1002/9781118715598.ch1.,repo/Unit8/6,repo/Unit8.zip
133,Unit 8,,"Role of supplementary material in biomedical journal articles: surveys of authors, reviewers and readers","Amy Price, Sara Schroter, Mike Clarke, Helen McAneney",https://doi.org/10.1136/bmjopen-2018-021753.,repo/Unit8/7,repo/Unit8.zip
134,Unit 8,,Scientific Writing Made Easy: A Step-by-Step Guide to Undergraduate Writing in the Biological Sciences,"Sheela P. Turbek, Taylor M. Chock, Kyle Donahue, Caroline A. Havrilla, Angela M. Oliverio, Stephanie K. Polutchko, Lauren G. Shoemaker, and Lara Vimercati",https://doi.org/10.1002/bes2.1258.,repo/Unit8/8,repo/Unit8.zip
135,Unit 8,,Twelve tips on writing abstracts and titles: How to get people to use and cite your work,David A. Cook & Georges Bordag,http://dx.doi.org/10.1080/0142159X.2016.1181732,repo/Unit8/9,repo/Unit8.zip
136,Unit 8,,WASP: (Write a Scientific Paper): Structuring a scientific paper,"Sarah Cuschieria,Victor Grech, Charles Savona-Ventura",https://doi.org/10.1016/j.earlhumdev.2018.09.011.,repo/Unit8/10,repo/Unit8.zip
137,Unit 8,,Addressing selective reporting of experiments through predefined exclusion criteria,KLEBER NEVES AND OLAVO B AMARAL,https://doi.org/10.7554/eLife.56626.,repo/Unit8/11,repo/Unit8.zip
138,Unit 8,,HOW TO WRITE A SCIENTIFIC ARTICLE,Barbara J. Hoogenboom and Robert C. Manske,,repo/Unit8/12,repo/Unit8.zip
139,Unit 8,,The Art of Science Communication—A Novel Approach to Science Communication Training,"Susanna Greer, Hannah Alexander, Thomas O. Baldwin, Hudson H. Freeze, 
Morgan Thompson, Geoffrey Hunt, and Danielle R. Snowflack",https://doi.org/10.1128/jmbe.v19i1.1547.,repo/Unit8/13,repo/Unit8.zip
140,Unit 8,,Ten simple rules for structuring papers,"Brett Mensh, Konrad Kording",https://doi.org/10.1371/journal.pcbi.1005830,repo/Unit8/14,repo/Unit8.zip
141,Unit 8,,"Editors’ notebook: figures, tables, appendices, and supplementary material","Peter J. Strouse, Geetika Khanna, Andrew T. Trout, Amaka C. Ofah",https://doi.org/10.1371/journal.pcbi.1005830,repo/Unit8/15,repo/Unit8.zip
142,Unit 8,,Use and mis-use of supplementary material,Mihai Pop and Steven L. Salzberg,https://doi.org/10.1186/s12859-015-0668-z.,repo/Unit8/16,repo/Unit8.zip
143,Unit 8,,"Writing the title and abstract for a research paper: Being concise, precise, and meticulous is the key",Milind S. Tullu,10.4103/sja.SJA_685_18,repo/Unit8/17,repo/Unit8.zip
144,Unit 9,,"Reference management practices of students, researchers, and 
academic staff","Laura Williams, Laura Woods",https://doi.org/10.1016/j.acalib.2024.102879.,repo/Unit9/1,repo/Unit9.zip
145,Unit 9,,Reporting guidelines used varying methodology to develop recommendations,"Michael M. Schlussel, Melissa K. Sharp, Jennifer A. de Beyer, Shona Kirtley, Patricia Logullo, Paula Dhiman, Angela MacCarthy, Anna Koroleva, Benjamin Speich,
Garrett S. Bullock, David Moher, Gary S. Collins",https://doi.org/10.1016/j.jclinepi.2023.03.018.,repo/Unit9/2,repo/Unit9.zip
146,Unit 9,,"A guide to writing case reports for the Journal of
Medical Case Reports and BioMed Central Research
Notes",Richard A Rison,https://doi.org/10.1186/1752-1947-7-239.,repo/Unit9/3,repo/Unit9.zip
147,Unit 9,,Study reporting guidelines: How valid are they?,"Catherine Arundel, Sophie James, Matthew Northgraves, Alison Booth",https://doi.org/10.1016/j.conctc.2019.100343.,repo/Unit9/4,repo/Unit9.zip
148,Unit 9,,"Reference management software for systematic
reviews and meta-analyses: an exploration of
usage and usability",Diane L Lorenzetti and William A Ghali,https://doi.org/10.1186/1471-2288-13-141.,repo/Unit9/5,repo/Unit9.zip
149,Unit 9,,"Building Student Proficiency with Scientific Literature Using the
Zotero Reference Manager Platform",Thomas Kim,https://doi.org/10.1002/bmb.20551.,repo/Unit9/6,repo/Unit9.zip
150,Unit 9,,Systematic Reviews and Meta-Analyses,Lindsay S. Uman,,repo/Unit9/7,repo/Unit9.zip
151,Unit 9,,Exploring Topics of Interest of Mendeley Users,Zohreh Zahedi and Nees Jan van Eck,https://doi.org/10.29024/joa.7.,repo/Unit9/8,repo/Unit9.zip
152,Unit 9,,Reporting guidelines: checklists for specific study designs,Phil Wiffen,https://doi.org/10.1136/ejhpharm-2016-001115.,repo/Unit9/9,repo/Unit9.zip
153,Unit 9,,Meta-Analytic Methodology for Basic Research: A Practical Guide,Nicholas Mikolajewicz  and Svetlana V. Komarova,https://doi.org/10.3389/fphys.2019.00203.,repo/Unit9/10,repo/Unit9.zip
154,Unit 9,,How to Write a Systematic Review,"Joshua D. Harris, Carmen E. Quatman, M.M. Manring, Robert A. Siston and David C. Flanigan",https://doi.org/10.1177/0363546513497567.,repo/Unit9/11,repo/Unit9.zip
155,Unit 9,,How to Write a Scoping Review?,"Pooja Sharma, Nishant Goyal",10.4103/ijamr.ijamr_91_23,repo/Unit9/12,repo/Unit9.zip
156,Unit 9,,How to Write a Systematic Review Without Meta‑analysis,Nishad Plakkal,10.4103/ijamr.ijamr_296_23,repo/Unit9/13,repo/Unit9.zip
157,Unit 9,,How to Write Case Reports and Case Series,Prasanth Ganesan,10.4103/ijamr.ijamr_58_22,repo/Unit9/14,repo/Unit9.zip
158,Unit 9,,"Narrative Reviews: Flexible, Rigorous, and Practical","Javeed Sukhera,",https://doi.org/10.4300/JGME-D-22-00480.1,repo/Unit9/15,repo/Unit9.zip
159,Unit 9,,Narrative Reviews in Medical Education: Key Steps for Researchers,"Javeed Sukhera,",https://doi.org/10.4300/JGME-D-22-00481.1.,repo/Unit9/16,repo/Unit9.zip
160,Unit 9,,Steps for Conducting a Scoping Review,"Susanne Mak, Aliki Thomas,",https://doi.org/10.4300/JGME-D-22-00621.1.,repo/Unit9/17,repo/Unit9.zip
161,Unit 9,,Reference management: A critical element of scientific writing,Arunava Kali,10.4103/2231-4040.169875,repo/Unit9/18,repo/Unit9.zip
162,Unit 9,,Guidelines to the writing of case studies,Dr. Brian Budgell,,repo/Unit9/19,repo/Unit9.zip
163,Unit 9,,How to review and assess a systematic review and meta-analysis article: a methodological study (secondary publication),Seung-Kwon Myung,https://doi.org/10.3352/jeehp.2023.20.24.,repo/Unit9/20,repo/Unit9.zip
164,Unit 9,,An algorithm for the selection of reporting guidelines,Soo Young Kim,https://doi.org/10.6087/kcse.287.,repo/Unit9/21,repo/Unit9.zip
165,Unit 9,,Reference Managers that Support Collaborative Research: Dreaming of the Perfect Fit,"Lauren Murphree, Mary White & Barbara Rochen Renner",https://doi.org/10.1080/02763869.2018.1477706.,repo/Unit9/22,repo/Unit9.zip
166,Unit 9,,The Art of the Editorial,"Edwin R. van Teijlingen, Vanora Hundley, Brijesh Sathian, Padam Simkhada, Jared Robinson, Indrajit Banerjee",https://doi.org/10.3126/nje.v12i1.43104.,repo/Unit9/23,repo/Unit9.zip
167,Unit 9,,Is the Use of Reference Managers Driven by Necessity or Policy Pressure?,"Ahmad Nurkhin, Muhsin, Ade Rustiana, Hengky Pramusinto, Rediana Setiyani",10.1088/1742-6596/1387/1/012108.,repo/Unit9/24,repo/Unit9.zip
168,Unit 9,,Ten simple rules for carrying out and writing meta-analyses,"Diego A. Forero, Sandra Lopez-Leon, Yeimy Gonza´lez-Giraldo, Pantelis G. Bagos",https://doi.org/10.1371/journal.pcbi.1006922.,repo/Unit9/25,repo/Unit9.zip
169,Unit 9,,How to Write a Systematic Review of the Literature,"Debajyoti Pati, Lesa N. Lorusso",https://doi.org/10.1177/1937586717747384.,repo/Unit9/26,repo/Unit9.zip
170,Unit 9,,Ten simple rules for writing scientific op-ed articles,"Hoe-Han Goh, Philip Bourne IPhilip BourneI",https://doi.org/10.1371/journal.pcbi.1008187,repo/Unit9/27,repo/Unit9.zip
171,Unit 9,,How to write an expert opinion letter,Laurance Jerrold,http://dx.doi.org/10.1016/j.ajodo.2014.05.004.,repo/Unit9/28,repo/Unit9.zip
172,Unit 9,,"An Introduction to Writing Narrative and
Systematic Reviews — Tasks, Tips and
Traps for Aspiring Authors","Ann T. Gregory, A. Robert Denniss,",https://doi.org/10.1016/j.hlc.2018.03.027.,repo/Unit9/29,repo/Unit9.zip
173,Unit 9,,"The Relevance of Understanding Referencing
Styles in the Era of Reference Managers","Mohit Goyal, Neha Goyal",https://doi.org/10.1016/j.hlc.2018.03.027.,repo/Unit9/30,repo/Unit9.zip
174,Unit 9,,Mendeley Readership as a Filtering Tool to Identify Highly Cited Publications,"Zohreh Zahedi, Rodrigo Costas, Paul Wouters",https://doi.org/10.1002/asi.23883.,repo/Unit9/31,repo/Unit9.zip
175,Unit 9,,A step by step guide for conducting a systematic review and meta-analysis with simulation data,"Gehad Mohamed Tawfik, Kadek Agus Surya Dila, Muawia Yousif Fadlelmola Mohamed,
Dao Ngoc Hien Tam, Nguyen Dang Kien, Ali Mahmoud Ahmed and Nguyen Tien Huy",https://doi.org/10.1186/s41182-019-0165-6.,repo/Unit9/32,repo/Unit9.zip
176,Unit 9,,"Zotero Software: A Means of Bibliographic Research and Data Organisation; Teaching 
Bibliographic Research",Nadia Idri,https://dx.doi.org/10.2139/ssrn.2843984.,repo/Unit9/33,repo/Unit9.zip
177,Unit 9,,Systematic review or scoping review?Guidance for authors when choosing between a systematic or scoping review approach.,"Zachary Munn, Micah D. J. Peters, Cindy Stern, Catalin Tufanaru, Alexa McArthur and Edoardo Aromataris",https://doi.org/10.1186/s12874-018-0611-x.,repo/Unit9/34,repo/Unit9.zip
178,Unit 9,,Guideline on writing a case report,"Basim Saleh Alsaywid, Nada Mansour Abdulhaq",10.4103/UA.UA_177_18,repo/Unit9/35,repo/Unit9.zip
179,Unit 10,,Anatomy of open access publishing: a study of longitudinal development and internal structure,Mikael Laakso* and Bo-Christer Björk,http://www.biomedcentral.com/1741-7015/10/124.,repo/Unit10/1,repo/Unit10.zip
180,Unit 10,,THE TRUE COST OF SCIENCE PUBLISHING,RICHARD VAN NOORDEN,https://doi.org/10.1038/495426a.,repo/Unit10/2,repo/Unit10.zip
181,Unit 10,,"The Peer Review Process: Past, Present, and Future",John A. Drozdz and Michael R. Ladomery,https://doi.org/10.3389/bjbs.2024.12054.,repo/Unit10/3,repo/Unit10.zip
182,Unit 10,,"Open access publishing, article downloads, and citations:randomised controlled trial","Philip M Davis,Bruce V Lewenstein, Daniel H Simon, James G Booth, Mathew J L Connolly,",https://doi.org/10.1136/bmj.a568.,repo/Unit10/4,repo/Unit10.zip
183,Unit 10,,Understanding Traditional Research Impact Metrics,"Joseph S. Butler, FRCS, Arjun S. Sebastian, David Kaye, Scott C. Wagner, Patrick B. Morrissey, Gregory D. Schroeder, Christopher K. Kepler, and Alexander R. Vaccaro",https://doi.org/10.1097/bsd.0000000000000530.,repo/Unit10/5,repo/Unit10.zip
184,Unit 10,,"Scientific Literature and Evaluation Metrics: Impact Factor, Usage Metrics, and Altmetrics","Michael S. Kavic, Richard M. Satava,",https://doi.org/10.4293/jsls.2021.00010.,repo/Unit10/6,repo/Unit10.zip
185,Unit 10,,A science impact framework to measure impact beyond journal metrics,"Mary D. AriID, John Iskander, John Araujo, Christine Casey, John Kools, Bin Chen, Robert Swain, Miriam Kelly, Tanja Popovic",https://doi.org/10.1371/journal.pone.0244407.,repo/Unit10/7,repo/Unit10.zip
186,Unit 10,,Rejected but not dejected: Dealing with an unfavourable decision on a scientific manuscript,Maj Gen Madhuri Kanitkar,https://doi.org/10.1016/j.mjafi.2018.02.008.,repo/Unit10/8,repo/Unit10.zip
187,Unit 10,,Rejected but not dejected: Dealing with an unfavourable decision on a scientific manuscript,"Amy M. Suiter& Cathy C. Sarli,",https://doi.org/10.1016/j.mjafi.2018.02.008.,repo/Unit10/9,repo/Unit10.zip
188,Unit 10,,How to Submit a Revision and Tips on Being a Good PeerReviewer,Sandra V. Kotsis and Kevin C. Chung,https://doi.org/10.1097/prs.0000000000000002.,repo/Unit10/10,repo/Unit10.zip
189,Unit 10,,Blind Dates in Sciences: Dealing with Rejection in Peer Review,Yibin Wang,https://doi.org/10.1161/CIRCRESAHA.113.302765.,repo/Unit10/11,repo/Unit10.zip
190,Unit 10,,Alternative Open Access Publishing Models: Exploring New Territories in Scholarly Communication,Adam Smith,https://ec.europa.eu/futurium/en/system/files/ged/oa_report.pdf.,repo/Unit10/12,repo/Unit10.zip
191,Unit 10,,"Peer review in scientific publications: benefits, critiques, & a survival guide","Jacalyn Kelly, Tara Sadeghieh, Khosrow Adeli",,repo/Unit10/13,repo/Unit10.zip
192,Unit 10,,The saga of the peer review process: author’s perspective,Mayank Agrawal and Suhani Suhani,https://doi.org/10.1186/s12301-021-00145-x.,repo/Unit10/14,repo/Unit10.zip
193,Unit 10,,‘Predatory’ open access: a longitudinal study of article volumes and market characteristics,Cenyu Shen* and Bo-Christer Björk,https://doi.org/10.1186/s12916-015-0469-2.,repo/Unit10/15,repo/Unit10.zip
194,Unit 10,,How to select a journal for your research,José M Ramia,https://dx.doi.org/10.3748/wjg.v29.i21.3379,repo/Unit10/16,repo/Unit10.zip
195,Unit 10,,"Untangling academic publishing: A history of the relationship between commercial interests, academic prestige and the circulation of research.","Aileen Fyfe, Kelly Coate, Stephen Curry, Stuart Lawson Noah Moxham, Camilla Mørk Røstvik",https://eprints.bbk.ac.uk/id/eprint/19148/,repo/Unit10/17,repo/Unit10.zip
196,Unit 11,,A Review of the Literature on Ethical Issues Related to Scientific Authorship,Mohammad Hosseini & Bert Gordijn,https://doi.org/10.1080/08989621.2020.1750957,repo/Unit11/1,repo/Unit11.zip
197,Unit 11,,Conflicts of interest in research: looking out for number one means keeping the primary interest front and center,Paul L. Romain,https://doi.org/10.1007/s12178-015-9270-2.,repo/Unit11/2,repo/Unit11.zip
198,Unit 11,,Publication ethics: Role and responsibility of authors,Shubha Singhal & Bhupinder Singh Kalra,https://doi.org/10.1007/s12664-020-01129-5.,repo/Unit11/3,repo/Unit11.zip
199,Unit 11,,Author misconduct: What journal editors do when they suspect and find it?,"Savita Yadav, Dipankar De",10.4103/0378-6323.113070.,repo/Unit11/4,repo/Unit11.zip
200,Unit 11,,Reproducibility vs. Replicability: A Brief History of a Confused Terminology,Hans E. Plesser,https://doi.org/10.3389/fninf.2017.00076.,repo/Unit11/5,repo/Unit11.zip
201,Unit 11,,"Conflict of interest in medical research, education and practice",,,repo/Unit11/6,repo/Unit11.zip
202,Unit 11,,The visibility of scientific misconduct: A review of the literature on retracted journal articles,"Felicitas Hesselmann,Verena Graf,Marion Schmidt, Martin Reinhart ",https://doi.org/10.1177/0011392116663807.,repo/Unit11/7,repo/Unit11.zip
203,Unit 11,,How Should Journal Editors Respond to Cases of Suspected Misconduct?,Elizabeth Wager,http://dx.doi.org/10.1128/jmbe.v15i2.829.,repo/Unit11/8,repo/Unit11.zip
204,Unit 11,,The rules of good science: Preventing scientific misconduct is the responsibility of all scientists,Georg W. Kreutzberg,https://doi.org/10.1038/sj.embor.7400136.,repo/Unit11/9,repo/Unit11.zip
205,Unit 11,,Ongoing ethical issues concerning authorship in biomedical journals: an integrative review,"Rachel Anne Kornhaber, Loyola M McLean & Rodney J Baber",https://doi.org/10.2147/IJN.S87585.,repo/Unit11/10,repo/Unit11.zip
206,Unit 11,,"How journals can prevent, detect and respond to misconduct",E. Wager,https://doi.org/10.1007/s10049-011-1543-8.,repo/Unit11/11,repo/Unit11.zip
207,Unit 11,,Scientific misconduct: a perspective from India,"Husain Sabir, Subhash Kumbhare, Amit Parate, Rajesh Kumar, Suroopa Das",https://doi.org/10.1007/s11019-014-9603-8.,repo/Unit11/12,repo/Unit11.zip
208,Unit 11,,Understanding Research Misconduct: A Comparative Analysis of 120 Cases of Professional Wrongdoing,"James M. Du Bois, Emily E. Anderson, John Chibnall, Kelly Carroll, Tyler GibbJ.D., Chiji  Ogbuka & Timothy Rubbelke",https://doi.org/10.1080/08989621.2013.822248.,repo/Unit11/13,repo/Unit11.zip
209,Unit 12,,The impact of big data on research methods in information science,"Jin Zhang, Dietmar Wolfram, Feicheng Ma",,repo/Unit12/1,repo/Unit12.zip
210,Unit 12,,Innovating qualitative research methods: Proposals and possibilities,"Andrea LaMarre, Kerry Chamberlain",,repo/Unit12/2,repo/Unit12.zip
211,Unit 12,,Open data ownership and sharing: Challenges and opportunities for application of FAIR principles and a checklist for data managers.,"Albert I. Ugochukwu, Peter W.B. Phillips",,repo/Unit12/3,repo/Unit12.zip
212,Unit 12,,Geographers and sustainability: Five research challenges,Stanley D. Brunn,,repo/Unit12/4,repo/Unit12.zip
213,Unit 12,,"Multifaceted Role of Social Media in Healthcare: Opportunities, Challenges, and the Need for Quality Control","Madhan Jeyaraman , Swaminathan Ramasubramanian , Shanmugapriya Kumar , Naveen Jeyaraman , Preethi Selvaraj , Arulkumar Nallakumarasamy , Suresh K. Bondili , Sankalp Yadav",,repo/Unit12/5,repo/Unit12.zip
214,Unit 12,,Unraveling the Ethical Enigma: Artificial Intelligence in Healthcare,"Madhan Jeyaraman , Sangeetha Balaji , Naveen Jeyaraman , Sankalp Yadav",,repo/Unit12/6,repo/Unit12.zip
215,Unit 12,,Graphical Abstract in Scientific Research,"Madhan Jeyaraman , Harish V K. Ratna , Naveen Jeyaraman , Nicola Maffulli , Filippo Migliorini , Arulkumar Nallakumarasamy , Sankalp Yadav",,repo/Unit12/7,repo/Unit12.zip
216,Unit 12,,Specific challenges posed by artificial intelligence in research ethics,"Sarah Bouhouita-Guermech, Patrick Gogognon and Jean-Christophe Bélisle-Pipon",,repo/Unit12/8,repo/Unit12.zip
217,Unit 12,,The Practice of Innovating Research Methods,Jane Kirsten Le and Torsten Schmid,,repo/Unit12/9,repo/Unit12.zip
218,Unit 12,,Does a Graphical Abstract Bring More Visibility to Your Paper?,"Eva-Maria Pferschy-Wenzig, Ulrich Pferschy, Dongdong Wang, Andrei Mocan and Atanas G. Atanasov",,repo/Unit12/10,repo/Unit12.zip
219,Unit 12,,Exploring information dissemination efect on social media: an empirical investigation,"Bo Yang, Rong Zhang, Xusen Cheng, Chuang Zhao",,repo/Unit12/11,repo/Unit12.zip
220,Unit 12,,Towards a new approach to analyzing the geographical scope of national research. An exploratory analysis at the country level,"Sandra Miguel, Claudia M. González, Zaida Chinchilla‑Rodríguez",,repo/Unit12/12,repo/Unit12.zip
221,Unit 12,,Feature analysis of multidisciplinary scientific collaboration patterns based on PNAS,"Zheng Xie, Miao Li, Jianping Li, Xiaojun Duan and Zhenzheng Ouyang",,repo/Unit12/13,repo/Unit12.zip
222,Unit 12,,"Open science, data sharing and solidarity: who benefts?","Ciara Staunton, Carlos Andrés Barragán, Stefano Canali, Calvin Ho, Sabina Leonelli, Matthew Mayernik,  Barbara Prainsack, Ambroise Wonkham",,repo/Unit12/14,repo/Unit12.zip
223,Unit 12,,"Big data in education: a state of the art, limitations, and future research directions","Maria Ijaz Baig, Liyana Shuib and Elaheh Yadegaridehkordi",,repo/Unit12/15,repo/Unit12.zip
224,Unit 12,,Data sharing practices and data  availability upon request differ across scientifc disciplines,"LehoTedersoo, Rainer Küngas, EsterOras, Kajar Köster, Helen Eenmaa, Äli Leijen, Margus Pedaste, Marju Raju, AnastasiyaAstapova, Heli Lukner, 
Karin Kogermann& Tuul Sepp",,repo/Unit12/16,repo/Unit12.zip
225,Unit 12,,Mixing Patterns in Interdisciplinary Co-Authorship Networks at Multiple Scales,Shihui Feng & Alec Kirkley,,repo/Unit12/17,repo/Unit12.zip
226,Unit 12,,The ethics of using artifcial intelligence in scientifc research: new guidance needed for a new tool,David B. Resnik and Mohammad Hosseini,,repo/Unit12/18,repo/Unit12.zip
227,Unit 12,,Dissemination of clinical and scientifc practice through social media: a SIAARTI consensus-based document,"Andrea Cortegiani, Denise Battaglini, Giovanna Amato, Astrid Ursula Behr, Katia Donadello, Sharon Einav, Maria Grazia Frigo, Giorgio Fullin, Alberto Giannini, Mariachiara Ippolito, Franco Marozzi, Roberta Monzani, Gianpaola Monti, Marcus J. Schultz, Vito Torrano, Gianluca Villa and Antonino Giarratano",,repo/Unit12/19,repo/Unit12.zip
228,Unit 12,,"Qualitative Research in Digital Era: Innovations, Methodologies and Collaborations",Grzegorz Bryda and António Pedro Costa,,repo/Unit12/20,repo/Unit12.zip
229,Unit 12,,‘What does good innovative research look like?’,Valerio Benedetto & Alan Farrier,,repo/Unit12/21,repo/Unit12.zip
230,Unit 12,,The more multidisciplinary the better? – The prevalence and interdisciplinarity of research collaborations in multidisciplinary institutions,"Zhiya Zuo, Kang Zhao",,repo/Unit12/22,repo/Unit12.zip
